Total_iter,Step,Reaching,Grasping
 110, 110,1.000000,0.000000
 111, 111,1.000000,0.000000
 112, 112,1.000000,0.000000
 113, 113,1.000000,0.000000
